qlab_cue_number,projector,clip_part,clip_id,source,osc_file,osc_list_name,pixera_catalog_name,alias_note,suggested_filename
KI_Adam.AffenSlowOdysee,adam,AffenSlowOdysee,affenslowodysee,atmosphere,OSCBefehllisteOhneAvatare.txt,KI_Adam.AffenSlowOdysee,AffenSlowOdysee,,AffenSlowOdysee.mp4
KI_Adam.Avatar,adam,Avatar,avatar,database,OSCBefehlliste.txt,KI_Adam.Avatar,Avatar,,Avatar.mp4
KI_Adam.Avatar2,adam,Avatar2,avatar2,database,OSCBefehlliste.txt,KI_Adam.Avatar2,Avatar2,,Avatar2.mp4
KI_Adam.Avatar_IV_Video,adam,Avatar_IV_Video,avatar_iv_video,atmosphere,OSCBefehllisteOhneAvatare.txt,KI_Adam.Avatar_IV_Video,Avatar_IV_Video,,Avatar_IV_Video.mp4
KI_Adam.Avatar_IV_Video2,adam,Avatar_IV_Video2,avatar_iv_video2,atmosphere,OSCBefehllisteOhneAvatare.txt,KI_Adam.Avatar_IV_Video2,Avatar_IV_Video2,,Avatar_IV_Video2.mp4
KI_Adam.BAK1_Nicolas_Pflanzen,adam,BAK1_NicolasPflanzen3,bak1_nicolaspflanzen3,avatar,OSCBefehllisteAvatare.txt,KI_Adam.BAK1_NicolasPflanzen3,BAK1_NicolasPflanzen3,,BAK1_NicolasPflanzen3.mp4
KI_Adam.BAK2_Krabbe,adam,BAK2_Krabbe,bak2_krabbe,avatar,OSCBefehllisteAvatare.txt,KI_Adam.BAK2_Krabbe,BAK2_Krabbe,,BAK2_Krabbe.mp4
KI_Adam.BAK3_Hasen,adam,BAK3_Hasen,bak3_hasen,avatar,OSCBefehllisteAvatare.txt,KI_Adam.BAK3_Hasen,BAK3_Hasen,,BAK3_Hasen.mp4
KI_Adam.BAK3_Mavie,adam,BAK3_Mavie,bak3_mavie,avatar,OSCBefehllisteAvatare.txt,KI_Adam.BAK3_Mavie,BAK3_Mavie,,BAK3_Mavie.mp4
KI_Adam.BAK4_Inge,adam,BAK4_Inge,bak4_inge,avatar,OSCBefehllisteAvatare.txt,KI_Adam.BAK4_Inge,BAK4_Inge,,BAK4_Inge.mp4
KI_Adam.BAK5_Thiemo,adam,BAK5_Thiemo,bak5_thiemo,avatar,OSCBefehllisteAvatare.txt,KI_Adam.BAK5_Thiemo,BAK5_Thiemo,,BAK5_Thiemo.mp4
KI_Adam.BAK6_Azaria,adam,BAK6_Azaria,bak6_azaria,avatar,OSCBefehllisteAvatare.txt,KI_Adam.BAK6_Azaria,BAK6_Azaria,,BAK6_Azaria.mp4
KI_Adam.BKO_Waren,adam,BK0_Waran,bk0_waran,avatar,OSCBefehllisteAvatare.txt,KI_Adam.BK0_Waran,BK0_Waran,,BK0_Waran.mp4
KI_Adam.BK1_Caro,adam,BK1_Caro,bk1_caro,avatar,OSCBefehllisteAvatare.txt,KI_Adam.BK1_Caro,BK1_Caro,,BK1_Caro.mp4
KI_Adam.BK1_Caroline,adam,BK1_Caroline,bk1_caroline,avatar,OSCBefehllisteAvatare.txt,KI_Adam.BK1_Caroline,BK1_Caroline,,BK1_Caroline.mp4
KI_Adam.BK1_Thomas,adam,BK1_Thomas,bk1_thomas,avatar,OSCBefehllisteAvatare.txt,KI_Adam.BK1_Thomas,BK1_Thomas,,BK1_Thomas.mp4
KI_Adam.BK2_Hundswolf,adam,BK2_Hundswolf,bk2_hundswolf,avatar,OSCBefehllisteAvatare.txt,KI_Adam.BK2_Hundswolf,BK2_Hundswolf,,BK2_Hundswolf.mp4
KI_Adam.BK2_Mavie,adam,BK2_Mavie,bk2_mavie,avatar,OSCBefehllisteAvatare.txt,KI_Adam.BK2_Mavie,BK2_Mavie,,BK2_Mavie.mp4
KI_Adam.BK3_Thomas,adam,BK3_Thomas,bk3_thomas,avatar,OSCBefehllisteAvatare.txt,KI_Adam.BK3_Thomas,BK3_Thomas,,BK3_Thomas.mp4
KI_Adam.BK5_Nicolas,adam,BK5_Nicolas,bk5_nicolas,avatar,OSCBefehllisteAvatare.txt,KI_Adam.BK5_Nicolas,BK5_Nicolas,,BK5_Nicolas.mp4
KI_Adam.BK6_Branko,adam,BK6_Branko,bk6_branko,avatar,OSCBefehllisteAvatare.txt,KI_Adam.BK6_Branko,BK6_Branko,,BK6_Branko.mp4
KI_Adam.BK7_Caroline,adam,BK7_Caroline,bk7_caroline,avatar,OSCBefehllisteAvatare.txt,KI_Adam.BK7_Caroline,BK7_Caroline,,BK7_Caroline.mp4
KI_Adam.BK7_Nasenfisch,adam,BK7_Nasenfisch,bk7_nasenfisch,avatar,OSCBefehllisteAvatare.txt,KI_Adam.BK7_Nasenfisch,BK7_Nasenfisch,,BK7_Nasenfisch.mp4
KI_Adam.BK8_HaiSchaedel,adam,BK8_HaiSchaedel,bk8_haischaedel,avatar,OSCBefehllisteAvatare.txt,KI_Adam.BK8_HaiSchaedel,BK8_HaiSchaedel,,BK8_HaiSchaedel.mp4
KI_Adam.BK8_Mavie,adam,BK8_Mavie,bk8_mavie,avatar,OSCBefehllisteAvatare.txt,KI_Adam.BK8_Mavie,BK8_Mavie,,BK8_Mavie.mp4
KI_Adam.BK8_Mavie1,adam,BK8_Mavie1,bk8_mavie1,avatar,OSCBefehllisteAvatare.txt,KI_Adam.BK8_Mavie1,BK8_Mavie1,,BK8_Mavie1.mp4
KI_Adam.BK9_Thiemo,adam,BK9_Thiemo,bk9_thiemo,avatar,OSCBefehllisteAvatare.txt,KI_Adam.BK9_Thiemo,BK9_Thiemo,,BK9_Thiemo.mp4
KI_Adam.Bitcoinfahrt,adam,Bitcoinfahrt,bitcoinfahrt,atmosphere,OSCBefehllisteOhneAvatare.txt,KI_Adam.Bitcoinfahrt,Bitcoinfahrt,,Bitcoinfahrt.mp4
KI_Adam.Black,adam,Black,black,database,OSCBefehlliste.txt,KI_Adam.Black,Black,,Black.mp4
KI_Adam.Bonnie,adam,Bonnie,bonnie,database,OSCBefehlliste.txt,KI_Adam.Bonnie,Bonnie,,Bonnie.mp4
KI_Adam.Branko,adam,Branko,branko,database,OSCBefehlliste.txt,KI_Adam.Branko,Branko,,Branko.mp4
KI_Adam.Clyde,adam,Clyde,clyde,database,OSCBefehlliste.txt,KI_Adam.Clyde,Clyde,,Clyde.mp4
KI_Adam.DEL1_Nicolas,adam,DEL1_Nicolas,del1_nicolas,avatar,OSCBefehllisteAvatare.txt,KI_Adam.DEL1_Nicolas,DEL1_Nicolas,,DEL1_Nicolas.mp4
KI_Adam.DEL2,adam,DEL2,del2,avatar,OSCBefehllisteAvatare.txt,KI_Adam.DEL2,DEL2,,DEL2.mp4
KI_Adam.DEL3,adam,DEL3,del3,avatar,OSCBefehllisteAvatare.txt,KI_Adam.DEL3,DEL3,,DEL3.mp4
KI_Adam.DEL4,adam,DEL4,del4,avatar,OSCBefehllisteAvatare.txt,KI_Adam.DEL4,DEL4,,DEL4.mp4
KI_Adam.DasLammGottes,adam,DasLammGottes,daslammgottes,avatar,OSCBefehllisteAvatare.txt,KI_Adam.DasLammGottes,DasLammGottes,,DasLammGottes.mp4
KI_Adam.DerHaseVerlaesstDieBuehne,adam,DerHaseVerlaesstDieBuehne,derhaseverlaesstdiebuehne,atmosphere,OSCBefehllisteOhneAvatare.txt,KI_Adam.DerHaseVerlaesstDieBuehne,DerHaseVerlaesstDieBuehne,,DerHaseVerlaesstDieBuehne.mp4
KI_Adam.Esel,adam,Esel,esel,database,OSCBefehlliste.txt,KI_Adam.Esel,Esel,,Esel.mp4
KI_Adam.EselLaeuft,adam,EselLaeuft,esellaeuft,atmosphere,OSCBefehllisteOhneAvatare.txt,KI_Adam.EselLaeuft,EselLaeuft,,EselLaeuft.mp4
KI_Adam.FischUndWassergewäsch,adam,FischUndWassergewäsch,fischundwassergewasch,atmosphere,OSCBefehllisteOhneAvatare.txt,KI_Adam.FischUndWassergewäsch,FischUndWassergewäsch,,FischUndWassergewäsch.mp4
KI_Adam.Gehirn,adam,Gehirn,gehirn,database,OSCBefehlliste.txt,KI_Adam.Gehirn,Gehirn,,Gehirn.mp4
KI_Adam.GehirnTest,adam,GehirnTest,gehirntest,atmosphere,OSCBefehllisteOhneAvatare.txt,KI_Adam.GehirnTest,GehirnTest,,GehirnTest.mp4
KI_Adam.HierUnterDerErde,adam,HierUnterDerErde,hierunterdererde,atmosphere,OSCBefehllisteOhneAvatare.txt,KI_Adam.HierUnterDerErde,HierUnterDerErde,,HierUnterDerErde.mp4
KI_Adam.HundeThiel,adam,HundeThiel,hundethiel,database,OSCBefehlliste.txt,KI_Adam.HundeThiel,HundeThiel,,HundeThiel.mp4
KI_Adam.HundeThielAlsPipita,adam,HundeThielAlsPipita,hundethielalspipita,atmosphere,OSCBefehllisteOhneAvatare.txt,KI_Adam.HundeThielAlsPipita,HundeThielAlsPipita,,HundeThielAlsPipita.mp4
KI_Adam.IPad,adam,IPad,,database,OSCBefehlliste.txt,KI_Adam.IPad,,,IPad.mp4
KI_Adam.Inge,adam,Inge,inge,database,OSCBefehlliste.txt,KI_Adam.Inge,Inge,,Inge.mp4
KI_Adam.Kaefer,adam,Kaefer,kaefer,database,OSCBefehlliste.txt,KI_Adam.Kaefer,Kaefer,,Kaefer.mp4
KI_Adam.KaeferImMuseum,adam,KaeferImMuseum,kaeferimmuseum,atmosphere,OSCBefehllisteOhneAvatare.txt,KI_Adam.KaeferImMuseum,KaeferImMuseum,,KaeferImMuseum.mp4
KI_Adam.KonzeptionUnterTieren,adam,KonzeptionUnterTieren,konzeptionuntertieren,atmosphere,OSCBefehllisteOhneAvatare.txt,KI_Adam.KonzeptionUnterTieren,KonzeptionUnterTieren,,KonzeptionUnterTieren.mp4
KI_Adam.KuscheltierSchlachtung,adam,KuscheltierSchlachtung,kuscheltierschlachtung,atmosphere,OSCBefehllisteOhneAvatare.txt,KI_Adam.KuscheltierSchlachtung,KuscheltierSchlachtung,,KuscheltierSchlachtung.mp4
KI_Adam.LG2_Inge,adam,LG2_Inge,lg2_inge,avatar,OSCBefehllisteAvatare.txt,KI_Adam.LG2_Inge,LG2_Inge,,LG2_Inge.mp4
KI_Adam.LG3_Seb,adam,LG3_Seb,lg3_seb,avatar,OSCBefehllisteAvatare.txt,KI_Adam.LG3_Seb,LG3_Seb,,LG3_Seb.mp4
KI_Adam.LG4_Azaria,adam,LG4_Azaria,lg4_azaria,avatar,OSCBefehllisteAvatare.txt,KI_Adam.LG4_Azaria,LG4_Azaria,,LG4_Azaria.mp4
KI_Adam.LG5_Henrike,adam,LG5_Henrike,lg5_henrike,avatar,OSCBefehllisteAvatare.txt,KI_Adam.LG5_Henrike,LG5_Henrike,,LG5_Henrike.mp4
KI_Adam.LG6_Hai,adam,LG6_Hai,lg6_hai,avatar,OSCBefehllisteAvatare.txt,KI_Adam.LG6_Hai,LG6_Hai,,LG6_Hai.mp4
KI_Adam.MO1_Seb_Musik,adam,MO1_SebMusik,mo1_sebmusik,avatar,OSCBefehllisteAvatare.txt,KI_Adam.MO1_SebMusik,MO1_SebMusik,,MO1_SebMusik.mp4
KI_Adam.MO2_Branko,adam,MO2_Branko,mo2_branko,avatar,OSCBefehllisteAvatare.txt,KI_Adam.MO2_Branko,MO2_Branko,,MO2_Branko.mp4
KI_Adam.MO3_Dachs_Caro,adam,MO3_Caro,mo3_caro,avatar,OSCBefehllisteAvatare.txt,KI_Adam.MO3_Caro,MO3_Caro,,MO3_Caro.mp4
KI_Adam.MO3_Dachs,adam,MO3_Dachs,mo3_dachs,avatar,OSCBefehllisteAvatare.txt,KI_Adam.MO3_Dachs,MO3_Dachs,,MO3_Dachs.mp4
KI_Adam.Macbook,adam,Macbook,macbook,database,OSCBefehlliste.txt,KI_Adam.Macbook,Macbook,,Macbook.mp4
KI_Adam.MehlwuermerLangsam,adam,MehlwuermerLangsam,mehlwuermerlangsam,atmosphere,OSCBefehllisteOhneAvatare.txt,KI_Adam.MehlwuermerLangsam,MehlwuermerLangsam,,MehlwuermerLangsam.mp4
KI_Adam.Mehlwurm,adam,Mehlwurm,mehlwurm,database,OSCBefehlliste.txt,KI_Adam.Mehlwurm,Mehlwurm,,Mehlwurm.mp4
KI_Adam.Musiker,adam,Musiker,musiker,database,OSCBefehlliste.txt,KI_Adam.Musiker,Musiker,,Musiker.mp4
KI_Adam.Nicolas,adam,Nicolas,nicolas,database,OSCBefehlliste.txt,KI_Adam.Nicolas,Nicolas,,Nicolas.mp4
KI_Adam.Odyssee,adam,Odyssee,odyssee,database,OSCBefehlliste.txt,KI_Adam.Odyssee,Odyssee,,Odyssee.mp4
KI_Adam.PETO_Baer_Thomas,adam,PET0_Baer_Thomas,pet0_baer_thomas,avatar,OSCBefehllisteAvatare.txt,KI_Adam.PET0_Baer_Thomas,PET0_Baer_Thomas,,PET0_Baer_Thomas.mp4
KI_Adam.PET1_Azaria,adam,PET1_Azaria,pet1_azaria,avatar,OSCBefehllisteAvatare.txt,KI_Adam.PET1_Azaria,PET1_Azaria,,PET1_Azaria.mp4
KI_Adam.PET1_Thomas,adam,PET1_Thomas,pet1_thomas,avatar,OSCBefehllisteAvatare.txt,KI_Adam.PET1_Thomas,PET1_Thomas,,PET1_Thomas.mp4
KI_Adam.PET2_Inge,adam,PET2_Inge,pet2_inge,avatar,OSCBefehllisteAvatare.txt,KI_Adam.PET2_Inge,PET2_Inge,,PET2_Inge.mp4
KI_Adam.PET3_Caroline,adam,PET3_Caroline,pet3_caroline,avatar,OSCBefehllisteAvatare.txt,KI_Adam.PET3_Caroline,PET3_Caroline,,PET3_Caroline.mp4
KI_Adam.PET3_Koala,adam,PET3_Koala,pet3_koala,avatar,OSCBefehllisteAvatare.txt,KI_Adam.PET3_Koala,PET3_Koala,,PET3_Koala.mp4
KI_Adam.PET4_Sebastian,adam,PET4_Sebastian,pet4_sebastian,avatar,OSCBefehllisteAvatare.txt,KI_Adam.PET4_Sebastian,PET4_Sebastian,,PET4_Sebastian.mp4
KI_Adam.PET5_Azaria,adam,PET5_Azaria,pet5_azaria,avatar,OSCBefehllisteAvatare.txt,KI_Adam.PET5_Azaria,PET5_Azaria,,PET5_Azaria.mp4
KI_Adam.Random,adam,Random,random,database,OSCBefehlliste.txt,KI_Adam.Random,Random,,Random.mp4
KI_Adam.SCH1_Sebastian,adam,SCH1_Sebastian,sch1_sebastian,avatar,OSCBefehllisteAvatare.txt,KI_Adam.SCH1_Sebastian,SCH1_Sebastian,,SCH1_Sebastian.mp4
KI_Adam.SCH2_Azaria,adam,SCH2_Azaria,sch2_azaria,avatar,OSCBefehllisteAvatare.txt,KI_Adam.SCH2_Azaria,SCH2_Azaria,,SCH2_Azaria.mp4
KI_Adam.SCH2_AzariaAlsSchaf,adam,SCH2_Azaria_als_Schaf,sch2_azaria_als_schaf,avatar,OSCBefehllisteAvatare.txt,KI_Adam.SCH2_Azaria_als_Schaf,SCH2_Azaria_als_Schaf,,SCH2_Azaria_als_Schaf.mp4
KI_Adam.SCH2_AzariaWirdSchaf,adam,SCH2_AzariawirdSchaf,sch2_azariawirdschaf,avatar,OSCBefehllisteAvatare.txt,KI_Adam.SCH2_AzariawirdSchaf,SCH2_AzariawirdSchaf,,SCH2_AzariawirdSchaf.mp4
KI_Adam.SCH3_IngeWirdSchaf,adam,SCH3_IngewirdSchaf,sch3_ingewirdschaf,avatar,OSCBefehllisteAvatare.txt,KI_Adam.SCH3_IngewirdSchaf,SCH3_IngewirdSchaf,,SCH3_IngewirdSchaf.mp4
KI_Adam.SCH4_Thomas,adam,SCH4_Thomas,sch4_thomas,avatar,OSCBefehllisteAvatare.txt,KI_Adam.SCH4_Thomas,SCH4_Thomas,,SCH4_Thomas.mp4
KI_Adam.SCH5_SchafSoloMavie,adam,SCH5_SchafSolo_Mavie,sch5_schafsolo_mavie,avatar,OSCBefehllisteAvatare.txt,KI_Adam.SCH5_SchafSolo_Mavie,SCH5_SchafSolo_Mavie,,SCH5_SchafSolo_Mavie.mp4
KI_Adam.SCH6_Schafherde,adam,SCH6_Schafherde,sch6_schafherde,avatar,OSCBefehllisteAvatare.txt,KI_Adam.SCH6_Schafherde,SCH6_Schafherde,,SCH6_Schafherde.mp4
KI_Adam.SCH7_SchafSingleSebastian,adam,SCH7_Schaf_Single_Sebastian,sch7_schaf_single_sebastian,avatar,OSCBefehllisteAvatare.txt,KI_Adam.SCH7_Schaf_Single_Sebastian,SCH7_Schaf_Single_Sebastian,,SCH7_Schaf_Single_Sebastian.mp4
KI_Adam.SCH8_VieleSchafeCaro,adam,SCH8_Viele_Schafe_Caro,sch8_viele_schafe_caro,avatar,OSCBefehllisteAvatare.txt,KI_Adam.SCH8_Viele_Schafe_Caro,SCH8_Viele_Schafe_Caro,,SCH8_Viele_Schafe_Caro.mp4
KI_Adam.Sebastian,adam,Sebastian,sebastian,database,OSCBefehlliste.txt,KI_Adam.Sebastian,Sebastian,,Sebastian.mp4
KI_Adam.SebastianBlurry,adam,SebastianBlurry,sebastianblurry,atmosphere,OSCBefehllisteOhneAvatare.txt,KI_Adam.SebastianBlurry,SebastianBlurry,,SebastianBlurry.mp4
KI_Adam.SturmFischskellet,adam,SturmFischskellet,sturmfischskellet,atmosphere,OSCBefehllisteOhneAvatare.txt,KI_Adam.SturmFischskellet,SturmFischskellet,,SturmFischskellet.mp4
KI_Adam.Thiemo,adam,Thiemo,thiemo,database,OSCBefehlliste.txt,KI_Adam.Thiemo,Thiemo,,Thiemo.mp4
KI_Adam.Thomas,adam,Thomas,thomas,database,OSCBefehlliste.txt,KI_Adam.Thomas,Thomas,,Thomas.mp4
KI_Adam.WO1_Kaenguru,adam,WO1_Kaenguru,wo1_kaenguru,avatar,OSCBefehllisteAvatare.txt,KI_Adam.WO1_Kaenguru,WO1_Kaenguru,,WO1_Kaenguru.mp4
KI_Adam.WO2_Branko,adam,WO2_Branko,wo2_branko,avatar,OSCBefehllisteAvatare.txt,KI_Adam.WO2_Branko,WO2_Branko,,WO2_Branko.mp4
KI_Adam.WO3_Seb_Musik,adam,WO3_Seb_Musik,wo3_seb_musik,avatar,OSCBefehllisteAvatare.txt,KI_Adam.WO3_Seb_Musik,WO3_Seb_Musik,,WO3_Seb_Musik.mp4
KI_Adam.WO4_Nicolas,adam,WO4_Nicolas,wo4_nicolas,avatar,OSCBefehllisteAvatare.txt,KI_Adam.WO4_Nicolas,WO4_Nicolas,,WO4_Nicolas.mp4
KI_Adam.WO4_Schimpanse,adam,WO4_Schimpanse,wo4_schimpanse,avatar,OSCBefehllisteAvatare.txt,KI_Adam.WO4_Schimpanse,WO4_Schimpanse,,WO4_Schimpanse.mp4
KI_Adam.WO5_Thiemo,adam,WO5_Thiemo,wo5_thiemo,avatar,OSCBefehllisteAvatare.txt,KI_Adam.WO5_Thiemo,WO5_Thiemo,,WO5_Thiemo.mp4
KI_Adam.WO6_Mavie,adam,WO6_Mavie,wo6_mavie,avatar,OSCBefehllisteAvatare.txt,KI_Adam.WO6_Mavie,WO6_Mavie,,WO6_Mavie.mp4
KI_Adam.WO6_Schimpanse,adam,WO6_Schimpanse,wo6_schimpanse,avatar,OSCBefehllisteAvatare.txt,KI_Adam.WO6_Schimpanse,WO6_Schimpanse,,WO6_Schimpanse.mp4
KI_Adam.WO7_Sebastian,adam,WO7_Sebastian,wo7_sebastian,avatar,OSCBefehllisteAvatare.txt,KI_Adam.WO7_Sebastian,WO7_Sebastian,,WO7_Sebastian.mp4
KI_Adam.Wasserfahrt,adam,Wasserfahrt,wasserfahrt,atmosphere,OSCBefehllisteOhneAvatare.txt,KI_Adam.Wasserfahrt,Wasserfahrt,,Wasserfahrt.mp4
KI_Eva.AffenSlowOdysee,eva,AffenSlowOdysee,affenslowodysee,atmosphere,OSCBefehllisteOhneAvatare.txt,KI_Eva.AffenSlowOdysee,AffenSlowOdysee,,AffenSlowOdysee.mp4
KI_Eva.Avatar,eva,Avatar,avatar,database,OSCBefehlliste.txt,KI_Eva.Avatar,Avatar,,Avatar.mp4
KI_Eva.Avatar2,eva,Avatar2,avatar2,database,OSCBefehlliste.txt,KI_Eva.Avatar2,Avatar2,,Avatar2.mp4
KI_Eva.Avatar_IV_Video,eva,Avatar_IV_Video,avatar_iv_video,atmosphere,OSCBefehllisteOhneAvatare.txt,KI_Eva.Avatar_IV_Video,Avatar_IV_Video,,Avatar_IV_Video.mp4
KI_Eva.Avatar_IV_Video2,eva,Avatar_IV_Video2,avatar_iv_video2,atmosphere,OSCBefehllisteOhneAvatare.txt,KI_Eva.Avatar_IV_Video2,Avatar_IV_Video2,,Avatar_IV_Video2.mp4
KI_Eva.BAK1_Nicolas_Pflanzen,eva,BAK1_NicolasPflanzen3,bak1_nicolaspflanzen3,avatar,OSCBefehllisteAvatare.txt,KI_Eva.BAK1_NicolasPflanzen3,BAK1_NicolasPflanzen3,,BAK1_NicolasPflanzen3.mp4
KI_Eva.BAK2_Krabbe,eva,BAK2_Krabbe,bak2_krabbe,avatar,OSCBefehllisteAvatare.txt,KI_Eva.BAK2_Krabbe,BAK2_Krabbe,,BAK2_Krabbe.mp4
KI_Eva.BAK3_Hasen,eva,BAK3_Hasen,bak3_hasen,avatar,OSCBefehllisteAvatare.txt,KI_Eva.BAK3_Hasen,BAK3_Hasen,,BAK3_Hasen.mp4
KI_Eva.BAK3_Mavie,eva,BAK3_Mavie,bak3_mavie,avatar,OSCBefehllisteAvatare.txt,KI_Eva.BAK3_Mavie,BAK3_Mavie,,BAK3_Mavie.mp4
KI_Eva.BAK4_Inge,eva,BAK4_Inge,bak4_inge,avatar,OSCBefehllisteAvatare.txt,KI_Eva.BAK4_Inge,BAK4_Inge,,BAK4_Inge.mp4
KI_Eva.BAK5_Thiemo,eva,BAK5_Thiemo,bak5_thiemo,avatar,OSCBefehllisteAvatare.txt,KI_Eva.BAK5_Thiemo,BAK5_Thiemo,,BAK5_Thiemo.mp4
KI_Eva.BAK6_Azaria,eva,BAK6_Azaria,bak6_azaria,avatar,OSCBefehllisteAvatare.txt,KI_Eva.BAK6_Azaria,BAK6_Azaria,,BAK6_Azaria.mp4
KI_Eva.BKO_Waren,eva,BK0_Waran,bk0_waran,avatar,OSCBefehllisteAvatare.txt,KI_Eva.BK0_Waran,BK0_Waran,,BK0_Waran.mp4
KI_Eva.BK1_Caro,eva,BK1_Caro,bk1_caro,avatar,OSCBefehllisteAvatare.txt,KI_Eva.BK1_Caro,BK1_Caro,,BK1_Caro.mp4
KI_Eva.BK1_Caroline,eva,BK1_Caroline,bk1_caroline,avatar,OSCBefehllisteAvatare.txt,KI_Eva.BK1_Caroline,BK1_Caroline,,BK1_Caroline.mp4
KI_Eva.BK1_Thomas,eva,BK1_Thomas,bk1_thomas,avatar,OSCBefehllisteAvatare.txt,KI_Eva.BK1_Thomas,BK1_Thomas,,BK1_Thomas.mp4
KI_Eva.BK2_Hundswolf,eva,BK2_Hundswolf,bk2_hundswolf,avatar,OSCBefehllisteAvatare.txt,KI_Eva.BK2_Hundswolf,BK2_Hundswolf,,BK2_Hundswolf.mp4
KI_Eva.BK2_Mavie,eva,BK2_Mavie,bk2_mavie,avatar,OSCBefehllisteAvatare.txt,KI_Eva.BK2_Mavie,BK2_Mavie,,BK2_Mavie.mp4
KI_Eva.BK3_Thomas,eva,BK3_Thomas,bk3_thomas,avatar,OSCBefehllisteAvatare.txt,KI_Eva.BK3_Thomas,BK3_Thomas,,BK3_Thomas.mp4
KI_Eva.BK5_Nicolas,eva,BK5_Nicolas,bk5_nicolas,avatar,OSCBefehllisteAvatare.txt,KI_Eva.BK5_Nicolas,BK5_Nicolas,,BK5_Nicolas.mp4
KI_Eva.BK6_Branko,eva,BK6_Branko,bk6_branko,avatar,OSCBefehllisteAvatare.txt,KI_Eva.BK6_Branko,BK6_Branko,,BK6_Branko.mp4
KI_Eva.BK7_Caroline,eva,BK7_Caroline,bk7_caroline,avatar,OSCBefehllisteAvatare.txt,KI_Eva.BK7_Caroline,BK7_Caroline,,BK7_Caroline.mp4
KI_Eva.BK7_Nasenfisch,eva,BK7_Nasenfisch,bk7_nasenfisch,avatar,OSCBefehllisteAvatare.txt,KI_Eva.BK7_Nasenfisch,BK7_Nasenfisch,,BK7_Nasenfisch.mp4
KI_Eva.BK8_HaiSchaedel,eva,BK8_HaiSchaedel,bk8_haischaedel,avatar,OSCBefehllisteAvatare.txt,KI_Eva.BK8_HaiSchaedel,BK8_HaiSchaedel,,BK8_HaiSchaedel.mp4
KI_Eva.BK8_Mavie,eva,BK8_Mavie,bk8_mavie,avatar,OSCBefehllisteAvatare.txt,KI_Eva.BK8_Mavie,BK8_Mavie,,BK8_Mavie.mp4
KI_Eva.BK8_Mavie1,eva,BK8_Mavie1,bk8_mavie1,avatar,OSCBefehllisteAvatare.txt,KI_Eva.BK8_Mavie1,BK8_Mavie1,,BK8_Mavie1.mp4
KI_Eva.BK9_Thiemo,eva,BK9_Thiemo,bk9_thiemo,avatar,OSCBefehllisteAvatare.txt,KI_Eva.BK9_Thiemo,BK9_Thiemo,,BK9_Thiemo.mp4
KI_Eva.Bitcoinfahrt,eva,Bitcoinfahrt,bitcoinfahrt,atmosphere,OSCBefehllisteOhneAvatare.txt,KI_Eva.Bitcoinfahrt,Bitcoinfahrt,,Bitcoinfahrt.mp4
KI_Eva.Black,eva,Black,black,database,OSCBefehlliste.txt,KI_Eva.Black,Black,,Black.mp4
KI_Eva.Bonnie,eva,Bonnie,bonnie,database,OSCBefehlliste.txt,KI_Eva.Bonnie,Bonnie,,Bonnie.mp4
KI_Eva.Branko,eva,Branko,branko,database,OSCBefehlliste.txt,KI_Eva.Branko,Branko,,Branko.mp4
KI_Eva.Clyde,eva,Clyde,clyde,database,OSCBefehlliste.txt,KI_Eva.Clyde,Clyde,,Clyde.mp4
KI_Eva.DEL1_Nicolas,eva,DEL1_Nicolas,del1_nicolas,avatar,OSCBefehllisteAvatare.txt,KI_Eva.DEL1_Nicolas,DEL1_Nicolas,,DEL1_Nicolas.mp4
KI_Eva.DEL2,eva,DEL2,del2,avatar,OSCBefehllisteAvatare.txt,KI_Eva.DEL2,DEL2,,DEL2.mp4
KI_Eva.DEL3,eva,DEL3,del3,avatar,OSCBefehllisteAvatare.txt,KI_Eva.DEL3,DEL3,,DEL3.mp4
KI_Eva.DEL4,eva,DEL4,del4,avatar,OSCBefehllisteAvatare.txt,KI_Eva.DEL4,DEL4,,DEL4.mp4
KI_Eva.DasLammGottes,eva,DasLammGottes,daslammgottes,avatar,OSCBefehllisteAvatare.txt,KI_Eva.DasLammGottes,DasLammGottes,,DasLammGottes.mp4
KI_Eva.DerHaseVerlaesstDieBuehne,eva,DerHaseVerlaesstDieBuehne,derhaseverlaesstdiebuehne,atmosphere,OSCBefehllisteOhneAvatare.txt,KI_Eva.DerHaseVerlaesstDieBuehne,DerHaseVerlaesstDieBuehne,,DerHaseVerlaesstDieBuehne.mp4
KI_Eva.Esel,eva,Esel,esel,database,OSCBefehlliste.txt,KI_Eva.Esel,Esel,,Esel.mp4
KI_Eva.EselLaeuft,eva,EselLaeuft,esellaeuft,atmosphere,OSCBefehllisteOhneAvatare.txt,KI_Eva.EselLaeuft,EselLaeuft,,EselLaeuft.mp4
KI_Eva.FischUndWassergewäsch,eva,FischUndWassergewäsch,fischundwassergewasch,atmosphere,OSCBefehllisteOhneAvatare.txt,KI_Eva.FischUndWassergewäsch,FischUndWassergewäsch,,FischUndWassergewäsch.mp4
KI_Eva.Gehirn,eva,Gehirn,gehirn,database,OSCBefehlliste.txt,KI_Eva.Gehirn,Gehirn,,Gehirn.mp4
KI_Eva.GehirnTest,eva,GehirnTest,gehirntest,atmosphere,OSCBefehllisteOhneAvatare.txt,KI_Eva.GehirnTest,GehirnTest,,GehirnTest.mp4
KI_Eva.HierUnterDerErde,eva,HierUnterDerErde,hierunterdererde,atmosphere,OSCBefehllisteOhneAvatare.txt,KI_Eva.HierUnterDerErde,HierUnterDerErde,,HierUnterDerErde.mp4
KI_Eva.HundeThiel,eva,HundeThiel,hundethiel,database,OSCBefehlliste.txt,KI_Eva.HundeThiel,HundeThiel,,HundeThiel.mp4
KI_Eva.HundeThielAlsPipita,eva,HundeThielAlsPipita,hundethielalspipita,atmosphere,OSCBefehllisteOhneAvatare.txt,KI_Eva.HundeThielAlsPipita,HundeThielAlsPipita,,HundeThielAlsPipita.mp4
KI_Eva.IPad,eva,IPad,,database,OSCBefehlliste.txt,KI_Eva.IPad,,,IPad.mp4
KI_Eva.Inge,eva,Inge,inge,database,OSCBefehlliste.txt,KI_Eva.Inge,Inge,,Inge.mp4
KI_Eva.Kaefer,eva,Kaefer,kaefer,database,OSCBefehlliste.txt,KI_Eva.Kaefer,Kaefer,,Kaefer.mp4
KI_Eva.KaeferImMuseum,eva,KaeferImMuseum,kaeferimmuseum,atmosphere,OSCBefehllisteOhneAvatare.txt,KI_Eva.KaeferImMuseum,KaeferImMuseum,,KaeferImMuseum.mp4
KI_Eva.KonzeptionUnterTieren,eva,KonzeptionUnterTieren,konzeptionuntertieren,atmosphere,OSCBefehllisteOhneAvatare.txt,KI_Eva.KonzeptionUnterTieren,KonzeptionUnterTieren,,KonzeptionUnterTieren.mp4
KI_Eva.KuscheltierSchlachtung,eva,KuscheltierSchlachtung,kuscheltierschlachtung,atmosphere,OSCBefehllisteOhneAvatare.txt,KI_Eva.KuscheltierSchlachtung,KuscheltierSchlachtung,,KuscheltierSchlachtung.mp4
KI_Eva.LG2_Inge,eva,LG2_Inge,lg2_inge,avatar,OSCBefehllisteAvatare.txt,KI_Eva.LG2_Inge,LG2_Inge,,LG2_Inge.mp4
KI_Eva.LG3_Seb,eva,LG3_Seb,lg3_seb,avatar,OSCBefehllisteAvatare.txt,KI_Eva.LG3_Seb,LG3_Seb,,LG3_Seb.mp4
KI_Eva.LG4_Azaria,eva,LG4_Azaria,lg4_azaria,avatar,OSCBefehllisteAvatare.txt,KI_Eva.LG4_Azaria,LG4_Azaria,,LG4_Azaria.mp4
KI_Eva.LG5_Henrike,eva,LG5_Henrike,lg5_henrike,avatar,OSCBefehllisteAvatare.txt,KI_Eva.LG5_Henrike,LG5_Henrike,,LG5_Henrike.mp4
KI_Eva.LG6_Hai,eva,LG6_Hai,lg6_hai,avatar,OSCBefehllisteAvatare.txt,KI_Eva.LG6_Hai,LG6_Hai,,LG6_Hai.mp4
KI_Eva.MO1_Seb_Musik,eva,MO1_SebMusik,mo1_sebmusik,avatar,OSCBefehllisteAvatare.txt,KI_Eva.MO1_SebMusik,MO1_SebMusik,,MO1_SebMusik.mp4
KI_Eva.MO2_Branko,eva,MO2_Branko,mo2_branko,avatar,OSCBefehllisteAvatare.txt,KI_Eva.MO2_Branko,MO2_Branko,,MO2_Branko.mp4
KI_Eva.MO3_Dachs_Caro,eva,MO3_Caro,mo3_caro,avatar,OSCBefehllisteAvatare.txt,KI_Eva.MO3_Caro,MO3_Caro,,MO3_Caro.mp4
KI_Eva.MO3_Dachs,eva,MO3_Dachs,mo3_dachs,avatar,OSCBefehllisteAvatare.txt,KI_Eva.MO3_Dachs,MO3_Dachs,,MO3_Dachs.mp4
KI_Eva.Macbook,eva,Macbook,macbook,database,OSCBefehlliste.txt,KI_Eva.Macbook,Macbook,,Macbook.mp4
KI_Eva.MehlwuermerLangsam,eva,MehlwuermerLangsam,mehlwuermerlangsam,atmosphere,OSCBefehllisteOhneAvatare.txt,KI_Eva.MehlwuermerLangsam,MehlwuermerLangsam,,MehlwuermerLangsam.mp4
KI_Eva.Mehlwurm,eva,Mehlwurm,mehlwurm,database,OSCBefehlliste.txt,KI_Eva.Mehlwurm,Mehlwurm,,Mehlwurm.mp4
KI_Eva.Musiker,eva,Musiker,musiker,database,OSCBefehlliste.txt,KI_Eva.Musiker,Musiker,,Musiker.mp4
KI_Eva.Nicolas,eva,Nicolas,nicolas,database,OSCBefehlliste.txt,KI_Eva.Nicolas,Nicolas,,Nicolas.mp4
KI_Eva.Odyssee,eva,Odyssee,odyssee,database,OSCBefehlliste.txt,KI_Eva.Odyssee,Odyssee,,Odyssee.mp4
KI_Eva.PETO_Baer_Thomas,eva,PET0_Baer_Thomas,pet0_baer_thomas,avatar,OSCBefehllisteAvatare.txt,KI_Eva.PET0_Baer_Thomas,PET0_Baer_Thomas,,PET0_Baer_Thomas.mp4
KI_Eva.PET1_Azaria,eva,PET1_Azaria,pet1_azaria,avatar,OSCBefehllisteAvatare.txt,KI_Eva.PET1_Azaria,PET1_Azaria,,PET1_Azaria.mp4
KI_Eva.PET1_Thomas,eva,PET1_Thomas,pet1_thomas,avatar,OSCBefehllisteAvatare.txt,KI_Eva.PET1_Thomas,PET1_Thomas,,PET1_Thomas.mp4
KI_Eva.PET2_Inge,eva,PET2_Inge,pet2_inge,avatar,OSCBefehllisteAvatare.txt,KI_Eva.PET2_Inge,PET2_Inge,,PET2_Inge.mp4
KI_Eva.PET3_Caroline,eva,PET3_Caroline,pet3_caroline,avatar,OSCBefehllisteAvatare.txt,KI_Eva.PET3_Caroline,PET3_Caroline,,PET3_Caroline.mp4
KI_Eva.PET3_Koala,eva,PET3_Koala,pet3_koala,avatar,OSCBefehllisteAvatare.txt,KI_Eva.PET3_Koala,PET3_Koala,,PET3_Koala.mp4
KI_Eva.PET4_Sebastian,eva,PET4_Sebastian,pet4_sebastian,avatar,OSCBefehllisteAvatare.txt,KI_Eva.PET4_Sebastian,PET4_Sebastian,,PET4_Sebastian.mp4
KI_Eva.PET5_Azaria,eva,PET5_Azaria,pet5_azaria,avatar,OSCBefehllisteAvatare.txt,KI_Eva.PET5_Azaria,PET5_Azaria,,PET5_Azaria.mp4
KI_Eva.Random,eva,Random,random,database,OSCBefehlliste.txt,KI_Eva.Random,Random,,Random.mp4
KI_Eva.SCH1_Sebastian,eva,SCH1_Sebastian,sch1_sebastian,avatar,OSCBefehllisteAvatare.txt,KI_Eva.SCH1_Sebastian,SCH1_Sebastian,,SCH1_Sebastian.mp4
KI_Eva.SCH2_Azaria,eva,SCH2_Azaria,sch2_azaria,avatar,OSCBefehllisteAvatare.txt,KI_Eva.SCH2_Azaria,SCH2_Azaria,,SCH2_Azaria.mp4
KI_Eva.SCH2_AzariaAlsSchaf,eva,SCH2_Azaria_als_Schaf,sch2_azaria_als_schaf,avatar,OSCBefehllisteAvatare.txt,KI_Eva.SCH2_Azaria_als_Schaf,SCH2_Azaria_als_Schaf,,SCH2_Azaria_als_Schaf.mp4
KI_Eva.SCH2_AzariaWirdSchaf,eva,SCH2_AzariawirdSchaf,sch2_azariawirdschaf,avatar,OSCBefehllisteAvatare.txt,KI_Eva.SCH2_AzariawirdSchaf,SCH2_AzariawirdSchaf,,SCH2_AzariawirdSchaf.mp4
KI_Eva.SCH3_IngeWirdSchaf,eva,SCH3_IngewirdSchaf,sch3_ingewirdschaf,avatar,OSCBefehllisteAvatare.txt,KI_Eva.SCH3_IngewirdSchaf,SCH3_IngewirdSchaf,,SCH3_IngewirdSchaf.mp4
KI_Eva.SCH4_Thomas,eva,SCH4_Thomas,sch4_thomas,avatar,OSCBefehllisteAvatare.txt,KI_Eva.SCH4_Thomas,SCH4_Thomas,,SCH4_Thomas.mp4
KI_Eva.SCH5_SchafSoloMavie,eva,SCH5_SchafSolo_Mavie,sch5_schafsolo_mavie,avatar,OSCBefehllisteAvatare.txt,KI_Eva.SCH5_SchafSolo_Mavie,SCH5_SchafSolo_Mavie,,SCH5_SchafSolo_Mavie.mp4
KI_Eva.SCH6_Schafherde,eva,SCH6_Schafherde,sch6_schafherde,avatar,OSCBefehllisteAvatare.txt,KI_Eva.SCH6_Schafherde,SCH6_Schafherde,,SCH6_Schafherde.mp4
KI_Eva.SCH7_SchafSingleSebastian,eva,SCH7_Schaf_Single_Sebastian,sch7_schaf_single_sebastian,avatar,OSCBefehllisteAvatare.txt,KI_Eva.SCH7_Schaf_Single_Sebastian,SCH7_Schaf_Single_Sebastian,,SCH7_Schaf_Single_Sebastian.mp4
KI_Eva.SCH8_VieleSchafeCaro,eva,SCH8_Viele_Schafe_Caro,sch8_viele_schafe_caro,avatar,OSCBefehllisteAvatare.txt,KI_Eva.SCH8_Viele_Schafe_Caro,SCH8_Viele_Schafe_Caro,,SCH8_Viele_Schafe_Caro.mp4
KI_Eva.Sebastian,eva,Sebastian,sebastian,database,OSCBefehlliste.txt,KI_Eva.Sebastian,Sebastian,,Sebastian.mp4
KI_Eva.SebastianBlurry,eva,SebastianBlurry,sebastianblurry,atmosphere,OSCBefehllisteOhneAvatare.txt,KI_Eva.SebastianBlurry,SebastianBlurry,,SebastianBlurry.mp4
KI_Eva.SturmFischskellet,eva,SturmFischskellet,sturmfischskellet,atmosphere,OSCBefehllisteOhneAvatare.txt,KI_Eva.SturmFischskellet,SturmFischskellet,,SturmFischskellet.mp4
KI_Eva.Thiemo,eva,Thiemo,thiemo,database,OSCBefehlliste.txt,KI_Eva.Thiemo,Thiemo,,Thiemo.mp4
KI_Eva.Thomas,eva,Thomas,thomas,database,OSCBefehlliste.txt,KI_Eva.Thomas,Thomas,,Thomas.mp4
KI_Eva.WO1_Kaenguru,eva,WO1_Kaenguru,wo1_kaenguru,avatar,OSCBefehllisteAvatare.txt,KI_Eva.WO1_Kaenguru,WO1_Kaenguru,,WO1_Kaenguru.mp4
KI_Eva.WO2_Branko,eva,WO2_Branko,wo2_branko,avatar,OSCBefehllisteAvatare.txt,KI_Eva.WO2_Branko,WO2_Branko,,WO2_Branko.mp4
KI_Eva.WO3_Seb_Musik,eva,WO3_Seb_Musik,wo3_seb_musik,avatar,OSCBefehllisteAvatare.txt,KI_Eva.WO3_Seb_Musik,WO3_Seb_Musik,,WO3_Seb_Musik.mp4
KI_Eva.WO4_Nicolas,eva,WO4_Nicolas,wo4_nicolas,avatar,OSCBefehllisteAvatare.txt,KI_Eva.WO4_Nicolas,WO4_Nicolas,,WO4_Nicolas.mp4
KI_Eva.WO4_Schimpanse,eva,WO4_Schimpanse,wo4_schimpanse,avatar,OSCBefehllisteAvatare.txt,KI_Eva.WO4_Schimpanse,WO4_Schimpanse,,WO4_Schimpanse.mp4
KI_Eva.WO5_Thiemo,eva,WO5_Thiemo,wo5_thiemo,avatar,OSCBefehllisteAvatare.txt,KI_Eva.WO5_Thiemo,WO5_Thiemo,,WO5_Thiemo.mp4
KI_Eva.WO6_Mavie,eva,WO6_Mavie,wo6_mavie,avatar,OSCBefehllisteAvatare.txt,KI_Eva.WO6_Mavie,WO6_Mavie,,WO6_Mavie.mp4
KI_Eva.WO6_Schimpanse,eva,WO6_Schimpanse,wo6_schimpanse,avatar,OSCBefehllisteAvatare.txt,KI_Eva.WO6_Schimpanse,WO6_Schimpanse,,WO6_Schimpanse.mp4
KI_Eva.WO7_Sebastian,eva,WO7_Sebastian,wo7_sebastian,avatar,OSCBefehllisteAvatare.txt,KI_Eva.WO7_Sebastian,WO7_Sebastian,,WO7_Sebastian.mp4
KI_Eva.Wasserfahrt,eva,Wasserfahrt,wasserfahrt,atmosphere,OSCBefehllisteOhneAvatare.txt,KI_Eva.Wasserfahrt,Wasserfahrt,,Wasserfahrt.mp4
KI_LED.AffenSlowOdysee,led,AffenSlowOdysee,affenslowodysee,atmosphere,OSCBefehllisteOhneAvatare.txt,KI_LED.AffenSlowOdysee,AffenSlowOdysee,,AffenSlowOdysee.mp4
KI_LED.Avatar,led,Avatar,avatar,database,OSCBefehlliste.txt,KI_LED.Avatar,Avatar,,Avatar.mp4
KI_LED.Avatar2,led,Avatar2,avatar2,database,OSCBefehlliste.txt,KI_LED.Avatar2,Avatar2,,Avatar2.mp4
KI_LED.Avatar_IV_Video,led,Avatar_IV_Video,avatar_iv_video,atmosphere,OSCBefehllisteOhneAvatare.txt,KI_LED.Avatar_IV_Video,Avatar_IV_Video,,Avatar_IV_Video.mp4
KI_LED.Avatar_IV_Video2,led,Avatar_IV_Video2,avatar_iv_video2,atmosphere,OSCBefehllisteOhneAvatare.txt,KI_LED.Avatar_IV_Video2,Avatar_IV_Video2,,Avatar_IV_Video2.mp4
KI_LED.BAK1_Nicolas_Pflanzen,led,BAK1_NicolasPflanzen3,bak1_nicolaspflanzen3,avatar,OSCBefehllisteAvatare.txt,KI_LED.BAK1_NicolasPflanzen3,BAK1_NicolasPflanzen3,,BAK1_NicolasPflanzen3.mp4
KI_LED.BAK2_Krabbe,led,BAK2_Krabbe,bak2_krabbe,avatar,OSCBefehllisteAvatare.txt,KI_LED.BAK2_Krabbe,BAK2_Krabbe,,BAK2_Krabbe.mp4
KI_LED.BAK3_Hasen,led,BAK3_Hasen,bak3_hasen,avatar,OSCBefehllisteAvatare.txt,KI_LED.BAK3_Hasen,BAK3_Hasen,,BAK3_Hasen.mp4
KI_LED.BAK3_Mavie,led,BAK3_Mavie,bak3_mavie,avatar,OSCBefehllisteAvatare.txt,KI_LED.BAK3_Mavie,BAK3_Mavie,,BAK3_Mavie.mp4
KI_LED.BAK4_Inge,led,BAK4_Inge,bak4_inge,avatar,OSCBefehllisteAvatare.txt,KI_LED.BAK4_Inge,BAK4_Inge,,BAK4_Inge.mp4
KI_LED.BAK5_Thiemo,led,BAK5_Thiemo,bak5_thiemo,avatar,OSCBefehllisteAvatare.txt,KI_LED.BAK5_Thiemo,BAK5_Thiemo,,BAK5_Thiemo.mp4
KI_LED.BAK6_Azaria,led,BAK6_Azaria,bak6_azaria,avatar,OSCBefehllisteAvatare.txt,KI_LED.BAK6_Azaria,BAK6_Azaria,,BAK6_Azaria.mp4
KI_LED.BKO_Waren,led,BK0_Waran,bk0_waran,avatar,OSCBefehllisteAvatare.txt,KI_LED.BK0_Waran,BK0_Waran,,BK0_Waran.mp4
KI_LED.BK1_Caro,led,BK1_Caro,bk1_caro,avatar,OSCBefehllisteAvatare.txt,KI_LED.BK1_Caro,BK1_Caro,,BK1_Caro.mp4
KI_LED.BK1_Caroline,led,BK1_Caroline,bk1_caroline,avatar,OSCBefehllisteAvatare.txt,KI_LED.BK1_Caroline,BK1_Caroline,,BK1_Caroline.mp4
KI_LED.BK1_Thomas,led,BK1_Thomas,bk1_thomas,avatar,OSCBefehllisteAvatare.txt,KI_LED.BK1_Thomas,BK1_Thomas,,BK1_Thomas.mp4
KI_LED.BK2_Hundswolf,led,BK2_Hundswolf,bk2_hundswolf,avatar,OSCBefehllisteAvatare.txt,KI_LED.BK2_Hundswolf,BK2_Hundswolf,,BK2_Hundswolf.mp4
KI_LED.BK2_Mavie,led,BK2_Mavie,bk2_mavie,avatar,OSCBefehllisteAvatare.txt,KI_LED.BK2_Mavie,BK2_Mavie,,BK2_Mavie.mp4
KI_LED.BK3_Thomas,led,BK3_Thomas,bk3_thomas,avatar,OSCBefehllisteAvatare.txt,KI_LED.BK3_Thomas,BK3_Thomas,,BK3_Thomas.mp4
KI_LED.BK5_Nicolas,led,BK5_Nicolas,bk5_nicolas,avatar,OSCBefehllisteAvatare.txt,KI_LED.BK5_Nicolas,BK5_Nicolas,,BK5_Nicolas.mp4
KI_LED.BK6_Branko,led,BK6_Branko,bk6_branko,avatar,OSCBefehllisteAvatare.txt,KI_LED.BK6_Branko,BK6_Branko,,BK6_Branko.mp4
KI_LED.BK7_Caroline,led,BK7_Caroline,bk7_caroline,avatar,OSCBefehllisteAvatare.txt,KI_LED.BK7_Caroline,BK7_Caroline,,BK7_Caroline.mp4
KI_LED.BK7_Nasenfisch,led,BK7_Nasenfisch,bk7_nasenfisch,avatar,OSCBefehllisteAvatare.txt,KI_LED.BK7_Nasenfisch,BK7_Nasenfisch,,BK7_Nasenfisch.mp4
KI_LED.BK8_HaiSchaedel,led,BK8_HaiSchaedel,bk8_haischaedel,avatar,OSCBefehllisteAvatare.txt,KI_LED.BK8_HaiSchaedel,BK8_HaiSchaedel,,BK8_HaiSchaedel.mp4
KI_LED.BK8_Mavie,led,BK8_Mavie,bk8_mavie,avatar,OSCBefehllisteAvatare.txt,KI_LED.BK8_Mavie,BK8_Mavie,,BK8_Mavie.mp4
KI_LED.BK8_Mavie1,led,BK8_Mavie1,bk8_mavie1,avatar,OSCBefehllisteAvatare.txt,KI_LED.BK8_Mavie1,BK8_Mavie1,,BK8_Mavie1.mp4
KI_LED.BK9_Thiemo,led,BK9_Thiemo,bk9_thiemo,avatar,OSCBefehllisteAvatare.txt,KI_LED.BK9_Thiemo,BK9_Thiemo,,BK9_Thiemo.mp4
KI_LED.Bitcoinfahrt,led,Bitcoinfahrt,bitcoinfahrt,atmosphere,OSCBefehllisteOhneAvatare.txt,KI_LED.Bitcoinfahrt,Bitcoinfahrt,,Bitcoinfahrt.mp4
KI_LED.Black,led,Black,black,database,OSCBefehlliste.txt,KI_LED.Black,Black,,Black.mp4
KI_LED.Bonnie,led,Bonnie,bonnie,database,OSCBefehlliste.txt,KI_LED.Bonnie,Bonnie,,Bonnie.mp4
KI_LED.Branko,led,Branko,branko,database,OSCBefehlliste.txt,KI_LED.Branko,Branko,,Branko.mp4
KI_LED.Clyde,led,Clyde,clyde,database,OSCBefehlliste.txt,KI_LED.Clyde,Clyde,,Clyde.mp4
KI_LED.DEL1_Nicolas,led,DEL1_Nicolas,del1_nicolas,avatar,OSCBefehllisteAvatare.txt,KI_LED.DEL1_Nicolas,DEL1_Nicolas,,DEL1_Nicolas.mp4
KI_LED.DEL2,led,DEL2,del2,avatar,OSCBefehllisteAvatare.txt,KI_LED.DEL2,DEL2,,DEL2.mp4
KI_LED.DEL3,led,DEL3,del3,avatar,OSCBefehllisteAvatare.txt,KI_LED.DEL3,DEL3,,DEL3.mp4
KI_LED.DEL4,led,DEL4,del4,avatar,OSCBefehllisteAvatare.txt,KI_LED.DEL4,DEL4,,DEL4.mp4
KI_LED.DasLammGottes,led,DasLammGottes,daslammgottes,avatar,OSCBefehllisteAvatare.txt,KI_LED.DasLammGottes,DasLammGottes,,DasLammGottes.mp4
KI_LED.DerHaseVerlaesstDieBuehne,led,DerHaseVerlaesstDieBuehne,derhaseverlaesstdiebuehne,atmosphere,OSCBefehllisteOhneAvatare.txt,KI_LED.DerHaseVerlaesstDieBuehne,DerHaseVerlaesstDieBuehne,,DerHaseVerlaesstDieBuehne.mp4
KI_LED.Esel,led,Esel,esel,database,OSCBefehlliste.txt,KI_LED.Esel,Esel,,Esel.mp4
KI_LED.EselLaeuft,led,EselLaeuft,esellaeuft,atmosphere,OSCBefehllisteOhneAvatare.txt,KI_LED.EselLaeuft,EselLaeuft,,EselLaeuft.mp4
KI_LED.FischUndWassergewäsch,led,FischUndWassergewäsch,fischundwassergewasch,atmosphere,OSCBefehllisteOhneAvatare.txt,KI_LED.FischUndWassergewäsch,FischUndWassergewäsch,,FischUndWassergewäsch.mp4
KI_LED.Gehirn,led,Gehirn,gehirn,database,OSCBefehlliste.txt,KI_LED.Gehirn,Gehirn,,Gehirn.mp4
KI_LED.GehirnTest,led,GehirnTest,gehirntest,atmosphere,OSCBefehllisteOhneAvatare.txt,KI_LED.GehirnTest,GehirnTest,,GehirnTest.mp4
KI_LED.HierUnterDerErde,led,HierUnterDerErde,hierunterdererde,atmosphere,OSCBefehllisteOhneAvatare.txt,KI_LED.HierUnterDerErde,HierUnterDerErde,,HierUnterDerErde.mp4
KI_LED.HundeThiel,led,HundeThiel,hundethiel,database,OSCBefehlliste.txt,KI_LED.HundeThiel,HundeThiel,,HundeThiel.mp4
KI_LED.HundeThielAlsPipita,led,HundeThielAlsPipita,hundethielalspipita,atmosphere,OSCBefehllisteOhneAvatare.txt,KI_LED.HundeThielAlsPipita,HundeThielAlsPipita,,HundeThielAlsPipita.mp4
KI_LED.IPad,led,IPad,,database,OSCBefehlliste.txt,KI_LED.IPad,,,IPad.mp4
KI_LED.Inge,led,Inge,inge,database,OSCBefehlliste.txt,KI_LED.Inge,Inge,,Inge.mp4
KI_LED.Kaefer,led,Kaefer,kaefer,database,OSCBefehlliste.txt,KI_LED.Kaefer,Kaefer,,Kaefer.mp4
KI_LED.KaeferImMuseum,led,KaeferImMuseum,kaeferimmuseum,atmosphere,OSCBefehllisteOhneAvatare.txt,KI_LED.KaeferImMuseum,KaeferImMuseum,,KaeferImMuseum.mp4
KI_LED.KonzeptionUnterTieren,led,KonzeptionUnterTieren,konzeptionuntertieren,atmosphere,OSCBefehllisteOhneAvatare.txt,KI_LED.KonzeptionUnterTieren,KonzeptionUnterTieren,,KonzeptionUnterTieren.mp4
KI_LED.KuscheltierSchlachtung,led,KuscheltierSchlachtung,kuscheltierschlachtung,atmosphere,OSCBefehllisteOhneAvatare.txt,KI_LED.KuscheltierSchlachtung,KuscheltierSchlachtung,,KuscheltierSchlachtung.mp4
KI_LED.LG2_Inge,led,LG2_Inge,lg2_inge,avatar,OSCBefehllisteAvatare.txt,KI_LED.LG2_Inge,LG2_Inge,,LG2_Inge.mp4
KI_LED.LG3_Seb,led,LG3_Seb,lg3_seb,avatar,OSCBefehllisteAvatare.txt,KI_LED.LG3_Seb,LG3_Seb,,LG3_Seb.mp4
KI_LED.LG4_Azaria,led,LG4_Azaria,lg4_azaria,avatar,OSCBefehllisteAvatare.txt,KI_LED.LG4_Azaria,LG4_Azaria,,LG4_Azaria.mp4
KI_LED.LG5_Henrike,led,LG5_Henrike,lg5_henrike,avatar,OSCBefehllisteAvatare.txt,KI_LED.LG5_Henrike,LG5_Henrike,,LG5_Henrike.mp4
KI_LED.LG6_Hai,led,LG6_Hai,lg6_hai,avatar,OSCBefehllisteAvatare.txt,KI_LED.LG6_Hai,LG6_Hai,,LG6_Hai.mp4
KI_LED.MO1_Seb_Musik,led,MO1_SebMusik,mo1_sebmusik,avatar,OSCBefehllisteAvatare.txt,KI_LED.MO1_SebMusik,MO1_SebMusik,,MO1_SebMusik.mp4
KI_LED.MO2_Branko,led,MO2_Branko,mo2_branko,avatar,OSCBefehllisteAvatare.txt,KI_LED.MO2_Branko,MO2_Branko,,MO2_Branko.mp4
KI_LED.MO3_Dachs_Caro,led,MO3_Caro,mo3_caro,avatar,OSCBefehllisteAvatare.txt,KI_LED.MO3_Caro,MO3_Caro,,MO3_Caro.mp4
KI_LED.MO3_Dachs,led,MO3_Dachs,mo3_dachs,avatar,OSCBefehllisteAvatare.txt,KI_LED.MO3_Dachs,MO3_Dachs,,MO3_Dachs.mp4
KI_LED.Macbook,led,Macbook,macbook,database,OSCBefehlliste.txt,KI_LED.Macbook,Macbook,,Macbook.mp4
KI_LED.MehlwuermerLangsam,led,MehlwuermerLangsam,mehlwuermerlangsam,atmosphere,OSCBefehllisteOhneAvatare.txt,KI_LED.MehlwuermerLangsam,MehlwuermerLangsam,,MehlwuermerLangsam.mp4
KI_LED.Mehlwurm,led,Mehlwurm,mehlwurm,database,OSCBefehlliste.txt,KI_LED.Mehlwurm,Mehlwurm,,Mehlwurm.mp4
KI_LED.Musiker,led,Musiker,musiker,database,OSCBefehlliste.txt,KI_LED.Musiker,Musiker,,Musiker.mp4
KI_LED.Nicolas,led,Nicolas,nicolas,database,OSCBefehlliste.txt,KI_LED.Nicolas,Nicolas,,Nicolas.mp4
KI_LED.Odyssee,led,Odyssee,odyssee,database,OSCBefehlliste.txt,KI_LED.Odyssee,Odyssee,,Odyssee.mp4
KI_LED.PETO_Baer_Thomas,led,PET0_Baer_Thomas,pet0_baer_thomas,avatar,OSCBefehllisteAvatare.txt,KI_LED.PET0_Baer_Thomas,PET0_Baer_Thomas,,PET0_Baer_Thomas.mp4
KI_LED.PET1_Azaria,led,PET1_Azaria,pet1_azaria,avatar,OSCBefehllisteAvatare.txt,KI_LED.PET1_Azaria,PET1_Azaria,,PET1_Azaria.mp4
KI_LED.PET1_Thomas,led,PET1_Thomas,pet1_thomas,avatar,OSCBefehllisteAvatare.txt,KI_LED.PET1_Thomas,PET1_Thomas,,PET1_Thomas.mp4
KI_LED.PET2_Inge,led,PET2_Inge,pet2_inge,avatar,OSCBefehllisteAvatare.txt,KI_LED.PET2_Inge,PET2_Inge,,PET2_Inge.mp4
KI_LED.PET3_Caroline,led,PET3_Caroline,pet3_caroline,avatar,OSCBefehllisteAvatare.txt,KI_LED.PET3_Caroline,PET3_Caroline,,PET3_Caroline.mp4
KI_LED.PET3_Koala,led,PET3_Koala,pet3_koala,avatar,OSCBefehllisteAvatare.txt,KI_LED.PET3_Koala,PET3_Koala,,PET3_Koala.mp4
KI_LED.PET4_Sebastian,led,PET4_Sebastian,pet4_sebastian,avatar,OSCBefehllisteAvatare.txt,KI_LED.PET4_Sebastian,PET4_Sebastian,,PET4_Sebastian.mp4
KI_LED.PET5_Azaria,led,PET5_Azaria,pet5_azaria,avatar,OSCBefehllisteAvatare.txt,KI_LED.PET5_Azaria,PET5_Azaria,,PET5_Azaria.mp4
KI_LED.Random,led,Random,random,database,OSCBefehlliste.txt,KI_LED.Random,Random,,Random.mp4
KI_LED.SCH1_Sebastian,led,SCH1_Sebastian,sch1_sebastian,avatar,OSCBefehllisteAvatare.txt,KI_LED.SCH1_Sebastian,SCH1_Sebastian,,SCH1_Sebastian.mp4
KI_LED.SCH2_Azaria,led,SCH2_Azaria,sch2_azaria,avatar,OSCBefehllisteAvatare.txt,KI_LED.SCH2_Azaria,SCH2_Azaria,,SCH2_Azaria.mp4
KI_LED.SCH2_AzariaAlsSchaf,led,SCH2_Azaria_als_Schaf,sch2_azaria_als_schaf,avatar,OSCBefehllisteAvatare.txt,KI_LED.SCH2_Azaria_als_Schaf,SCH2_Azaria_als_Schaf,,SCH2_Azaria_als_Schaf.mp4
KI_LED.SCH2_AzariaWirdSchaf,led,SCH2_AzariawirdSchaf,sch2_azariawirdschaf,avatar,OSCBefehllisteAvatare.txt,KI_LED.SCH2_AzariawirdSchaf,SCH2_AzariawirdSchaf,,SCH2_AzariawirdSchaf.mp4
KI_LED.SCH3_IngeWirdSchaf,led,SCH3_IngewirdSchaf,sch3_ingewirdschaf,avatar,OSCBefehllisteAvatare.txt,KI_LED.SCH3_IngewirdSchaf,SCH3_IngewirdSchaf,,SCH3_IngewirdSchaf.mp4
KI_LED.SCH4_Thomas,led,SCH4_Thomas,sch4_thomas,avatar,OSCBefehllisteAvatare.txt,KI_LED.SCH4_Thomas,SCH4_Thomas,,SCH4_Thomas.mp4
KI_LED.SCH5_SchafSoloMavie,led,SCH5_SchafSolo_Mavie,sch5_schafsolo_mavie,avatar,OSCBefehllisteAvatare.txt,KI_LED.SCH5_SchafSolo_Mavie,SCH5_SchafSolo_Mavie,,SCH5_SchafSolo_Mavie.mp4
KI_LED.SCH6_Schafherde,led,SCH6_Schafherde,sch6_schafherde,avatar,OSCBefehllisteAvatare.txt,KI_LED.SCH6_Schafherde,SCH6_Schafherde,,SCH6_Schafherde.mp4
KI_LED.SCH7_SchafSingleSebastian,led,SCH7_Schaf_Single_Sebastian,sch7_schaf_single_sebastian,avatar,OSCBefehllisteAvatare.txt,KI_LED.SCH7_Schaf_Single_Sebastian,SCH7_Schaf_Single_Sebastian,,SCH7_Schaf_Single_Sebastian.mp4
KI_LED.SCH8_VieleSchafeCaro,led,SCH8_Viele_Schafe_Caro,sch8_viele_schafe_caro,avatar,OSCBefehllisteAvatare.txt,KI_LED.SCH8_Viele_Schafe_Caro,SCH8_Viele_Schafe_Caro,,SCH8_Viele_Schafe_Caro.mp4
KI_LED.Sebastian,led,Sebastian,sebastian,database,OSCBefehlliste.txt,KI_LED.Sebastian,Sebastian,,Sebastian.mp4
KI_LED.SebastianBlurry,led,SebastianBlurry,sebastianblurry,atmosphere,OSCBefehllisteOhneAvatare.txt,KI_LED.SebastianBlurry,SebastianBlurry,,SebastianBlurry.mp4
KI_LED.SturmFischskellet,led,SturmFischskellet,sturmfischskellet,atmosphere,OSCBefehllisteOhneAvatare.txt,KI_LED.SturmFischskellet,SturmFischskellet,,SturmFischskellet.mp4
KI_LED.Thiemo,led,Thiemo,thiemo,database,OSCBefehlliste.txt,KI_LED.Thiemo,Thiemo,,Thiemo.mp4
KI_LED.Thomas,led,Thomas,thomas,database,OSCBefehlliste.txt,KI_LED.Thomas,Thomas,,Thomas.mp4
KI_LED.WO1_Kaenguru,led,WO1_Kaenguru,wo1_kaenguru,avatar,OSCBefehllisteAvatare.txt,KI_LED.WO1_Kaenguru,WO1_Kaenguru,,WO1_Kaenguru.mp4
KI_LED.WO2_Branko,led,WO2_Branko,wo2_branko,avatar,OSCBefehllisteAvatare.txt,KI_LED.WO2_Branko,WO2_Branko,,WO2_Branko.mp4
KI_LED.WO3_Seb_Musik,led,WO3_Seb_Musik,wo3_seb_musik,avatar,OSCBefehllisteAvatare.txt,KI_LED.WO3_Seb_Musik,WO3_Seb_Musik,,WO3_Seb_Musik.mp4
KI_LED.WO4_Nicolas,led,WO4_Nicolas,wo4_nicolas,avatar,OSCBefehllisteAvatare.txt,KI_LED.WO4_Nicolas,WO4_Nicolas,,WO4_Nicolas.mp4
KI_LED.WO4_Schimpanse,led,WO4_Schimpanse,wo4_schimpanse,avatar,OSCBefehllisteAvatare.txt,KI_LED.WO4_Schimpanse,WO4_Schimpanse,,WO4_Schimpanse.mp4
KI_LED.WO5_Thiemo,led,WO5_Thiemo,wo5_thiemo,avatar,OSCBefehllisteAvatare.txt,KI_LED.WO5_Thiemo,WO5_Thiemo,,WO5_Thiemo.mp4
KI_LED.WO6_Mavie,led,WO6_Mavie,wo6_mavie,avatar,OSCBefehllisteAvatare.txt,KI_LED.WO6_Mavie,WO6_Mavie,,WO6_Mavie.mp4
KI_LED.WO6_Schimpanse,led,WO6_Schimpanse,wo6_schimpanse,avatar,OSCBefehllisteAvatare.txt,KI_LED.WO6_Schimpanse,WO6_Schimpanse,,WO6_Schimpanse.mp4
KI_LED.WO7_Sebastian,led,WO7_Sebastian,wo7_sebastian,avatar,OSCBefehllisteAvatare.txt,KI_LED.WO7_Sebastian,WO7_Sebastian,,WO7_Sebastian.mp4
KI_LED.Wasserfahrt,led,Wasserfahrt,wasserfahrt,atmosphere,OSCBefehllisteOhneAvatare.txt,KI_LED.Wasserfahrt,Wasserfahrt,,Wasserfahrt.mp4
KI_RZ21.AffenSlowOdysee,rz21,AffenSlowOdysee,affenslowodysee,atmosphere,OSCBefehllisteOhneAvatare.txt,KI_RZ21.AffenSlowOdysee,AffenSlowOdysee,,AffenSlowOdysee.mp4
KI_RZ21.Avatar,rz21,Avatar,avatar,database,OSCBefehlliste.txt,KI_RZ21.Avatar,Avatar,,Avatar.mp4
KI_RZ21.Avatar2,rz21,Avatar2,avatar2,database,OSCBefehlliste.txt,KI_RZ21.Avatar2,Avatar2,,Avatar2.mp4
KI_RZ21.Avatar_IV_Video,rz21,Avatar_IV_Video,avatar_iv_video,atmosphere,OSCBefehllisteOhneAvatare.txt,KI_RZ21.Avatar_IV_Video,Avatar_IV_Video,,Avatar_IV_Video.mp4
KI_RZ21.Avatar_IV_Video2,rz21,Avatar_IV_Video2,avatar_iv_video2,atmosphere,OSCBefehllisteOhneAvatare.txt,KI_RZ21.Avatar_IV_Video2,Avatar_IV_Video2,,Avatar_IV_Video2.mp4
KI_RZ21.BAK1_Nicolas_Pflanzen,rz21,BAK1_NicolasPflanzen3,bak1_nicolaspflanzen3,avatar,OSCBefehllisteAvatare.txt,KI_RZ21.BAK1_NicolasPflanzen3,BAK1_NicolasPflanzen3,,BAK1_NicolasPflanzen3.mp4
KI_RZ21.BAK2_Krabbe,rz21,BAK2_Krabbe,bak2_krabbe,avatar,OSCBefehllisteAvatare.txt,KI_RZ21.BAK2_Krabbe,BAK2_Krabbe,,BAK2_Krabbe.mp4
KI_RZ21.BAK3_Hasen,rz21,BAK3_Hasen,bak3_hasen,avatar,OSCBefehllisteAvatare.txt,KI_RZ21.BAK3_Hasen,BAK3_Hasen,,BAK3_Hasen.mp4
KI_RZ21.BAK3_Mavie,rz21,BAK3_Mavie,bak3_mavie,avatar,OSCBefehllisteAvatare.txt,KI_RZ21.BAK3_Mavie,BAK3_Mavie,,BAK3_Mavie.mp4
KI_RZ21.BAK4_Inge,rz21,BAK4_Inge,bak4_inge,avatar,OSCBefehllisteAvatare.txt,KI_RZ21.BAK4_Inge,BAK4_Inge,,BAK4_Inge.mp4
KI_RZ21.BAK5_Thiemo,rz21,BAK5_Thiemo,bak5_thiemo,avatar,OSCBefehllisteAvatare.txt,KI_RZ21.BAK5_Thiemo,BAK5_Thiemo,,BAK5_Thiemo.mp4
KI_RZ21.BAK6_Azaria,rz21,BAK6_Azaria,bak6_azaria,avatar,OSCBefehllisteAvatare.txt,KI_RZ21.BAK6_Azaria,BAK6_Azaria,,BAK6_Azaria.mp4
KI_RZ21.BKO_Waren,rz21,BK0_Waran,bk0_waran,avatar,OSCBefehllisteAvatare.txt,KI_RZ21.BK0_Waran,BK0_Waran,,BK0_Waran.mp4
KI_RZ21.BK1_Caro,rz21,BK1_Caro,bk1_caro,avatar,OSCBefehllisteAvatare.txt,KI_RZ21.BK1_Caro,BK1_Caro,,BK1_Caro.mp4
KI_RZ21.BK1_Caroline,rz21,BK1_Caroline,bk1_caroline,avatar,OSCBefehllisteAvatare.txt,KI_RZ21.BK1_Caroline,BK1_Caroline,,BK1_Caroline.mp4
KI_RZ21.BK1_Thomas,rz21,BK1_Thomas,bk1_thomas,avatar,OSCBefehllisteAvatare.txt,KI_RZ21.BK1_Thomas,BK1_Thomas,,BK1_Thomas.mp4
KI_RZ21.BK2_Hundswolf,rz21,BK2_Hundswolf,bk2_hundswolf,avatar,OSCBefehllisteAvatare.txt,KI_RZ21.BK2_Hundswolf,BK2_Hundswolf,,BK2_Hundswolf.mp4
KI_RZ21.BK2_Mavie,rz21,BK2_Mavie,bk2_mavie,avatar,OSCBefehllisteAvatare.txt,KI_RZ21.BK2_Mavie,BK2_Mavie,,BK2_Mavie.mp4
KI_RZ21.BK3_Thomas,rz21,BK3_Thomas,bk3_thomas,avatar,OSCBefehllisteAvatare.txt,KI_RZ21.BK3_Thomas,BK3_Thomas,,BK3_Thomas.mp4
KI_RZ21.BK5_Nicolas,rz21,BK5_Nicolas,bk5_nicolas,avatar,OSCBefehllisteAvatare.txt,KI_RZ21.BK5_Nicolas,BK5_Nicolas,,BK5_Nicolas.mp4
KI_RZ21.BK6_Branko,rz21,BK6_Branko,bk6_branko,avatar,OSCBefehllisteAvatare.txt,KI_RZ21.BK6_Branko,BK6_Branko,,BK6_Branko.mp4
KI_RZ21.BK7_Caroline,rz21,BK7_Caroline,bk7_caroline,avatar,OSCBefehllisteAvatare.txt,KI_RZ21.BK7_Caroline,BK7_Caroline,,BK7_Caroline.mp4
KI_RZ21.BK7_Nasenfisch,rz21,BK7_Nasenfisch,bk7_nasenfisch,avatar,OSCBefehllisteAvatare.txt,KI_RZ21.BK7_Nasenfisch,BK7_Nasenfisch,,BK7_Nasenfisch.mp4
KI_RZ21.BK8_HaiSchaedel,rz21,BK8_HaiSchaedel,bk8_haischaedel,avatar,OSCBefehllisteAvatare.txt,KI_RZ21.BK8_HaiSchaedel,BK8_HaiSchaedel,,BK8_HaiSchaedel.mp4
KI_RZ21.BK8_Mavie,rz21,BK8_Mavie,bk8_mavie,avatar,OSCBefehllisteAvatare.txt,KI_RZ21.BK8_Mavie,BK8_Mavie,,BK8_Mavie.mp4
KI_RZ21.BK8_Mavie1,rz21,BK8_Mavie1,bk8_mavie1,avatar,OSCBefehllisteAvatare.txt,KI_RZ21.BK8_Mavie1,BK8_Mavie1,,BK8_Mavie1.mp4
KI_RZ21.BK9_Thiemo,rz21,BK9_Thiemo,bk9_thiemo,avatar,OSCBefehllisteAvatare.txt,KI_RZ21.BK9_Thiemo,BK9_Thiemo,,BK9_Thiemo.mp4
KI_RZ21.Bitcoinfahrt,rz21,Bitcoinfahrt,bitcoinfahrt,atmosphere,OSCBefehllisteOhneAvatare.txt,KI_RZ21.Bitcoinfahrt,Bitcoinfahrt,,Bitcoinfahrt.mp4
KI_RZ21.Black,rz21,Black,black,database,OSCBefehlliste.txt,KI_RZ21.Black,Black,,Black.mp4
KI_RZ21.Bonnie,rz21,Bonnie,bonnie,database,OSCBefehlliste.txt,KI_RZ21.Bonnie,Bonnie,,Bonnie.mp4
KI_RZ21.Branko,rz21,Branko,branko,database,OSCBefehlliste.txt,KI_RZ21.Branko,Branko,,Branko.mp4
KI_RZ21.Clyde,rz21,Clyde,clyde,database,OSCBefehlliste.txt,KI_RZ21.Clyde,Clyde,,Clyde.mp4
KI_RZ21.DEL1_Nicolas,rz21,DEL1_Nicolas,del1_nicolas,avatar,OSCBefehllisteAvatare.txt,KI_RZ21.DEL1_Nicolas,DEL1_Nicolas,,DEL1_Nicolas.mp4
KI_RZ21.DEL2,rz21,DEL2,del2,avatar,OSCBefehllisteAvatare.txt,KI_RZ21.DEL2,DEL2,,DEL2.mp4
KI_RZ21.DEL3,rz21,DEL3,del3,avatar,OSCBefehllisteAvatare.txt,KI_RZ21.DEL3,DEL3,,DEL3.mp4
KI_RZ21.DEL4,rz21,DEL4,del4,avatar,OSCBefehllisteAvatare.txt,KI_RZ21.DEL4,DEL4,,DEL4.mp4
KI_RZ21.DasLammGottes,rz21,DasLammGottes,daslammgottes,avatar,OSCBefehllisteAvatare.txt,KI_RZ21.DasLammGottes,DasLammGottes,,DasLammGottes.mp4
KI_RZ21.DerHaseVerlaesstDieBuehne,rz21,DerHaseVerlaesstDieBuehne,derhaseverlaesstdiebuehne,atmosphere,OSCBefehllisteOhneAvatare.txt,KI_RZ21.DerHaseVerlaesstDieBuehne,DerHaseVerlaesstDieBuehne,,DerHaseVerlaesstDieBuehne.mp4
KI_RZ21.Esel,rz21,Esel,esel,database,OSCBefehlliste.txt,KI_RZ21.Esel,Esel,,Esel.mp4
KI_RZ21.EselLaeuft,rz21,EselLaeuft,esellaeuft,atmosphere,OSCBefehllisteOhneAvatare.txt,KI_RZ21.EselLaeuft,EselLaeuft,,EselLaeuft.mp4
KI_RZ21.FischUndWassergewäsch,rz21,FischUndWassergewäsch,fischundwassergewasch,atmosphere,OSCBefehllisteOhneAvatare.txt,KI_RZ21.FischUndWassergewäsch,FischUndWassergewäsch,,FischUndWassergewäsch.mp4
KI_RZ21.Gehirn,rz21,Gehirn,gehirn,database,OSCBefehlliste.txt,KI_RZ21.Gehirn,Gehirn,,Gehirn.mp4
KI_RZ21.GehirnTest,rz21,GehirnTest,gehirntest,atmosphere,OSCBefehllisteOhneAvatare.txt,KI_RZ21.GehirnTest,GehirnTest,,GehirnTest.mp4
KI_RZ21.HierUnterDerErde,rz21,HierUnterDerErde,hierunterdererde,atmosphere,OSCBefehllisteOhneAvatare.txt,KI_RZ21.HierUnterDerErde,HierUnterDerErde,,HierUnterDerErde.mp4
KI_RZ21.HundeThiel,rz21,HundeThiel,hundethiel,database,OSCBefehlliste.txt,KI_RZ21.HundeThiel,HundeThiel,,HundeThiel.mp4
KI_RZ21.HundeThielAlsPipita,rz21,HundeThielAlsPipita,hundethielalspipita,atmosphere,OSCBefehllisteOhneAvatare.txt,KI_RZ21.HundeThielAlsPipita,HundeThielAlsPipita,,HundeThielAlsPipita.mp4
KI_RZ21.IPad,rz21,IPad,,database,OSCBefehlliste.txt,KI_RZ21.IPad,,,IPad.mp4
KI_RZ21.Inge,rz21,Inge,inge,database,OSCBefehlliste.txt,KI_RZ21.Inge,Inge,,Inge.mp4
KI_RZ21.Kaefer,rz21,Kaefer,kaefer,database,OSCBefehlliste.txt,KI_RZ21.Kaefer,Kaefer,,Kaefer.mp4
KI_RZ21.KaeferImMuseum,rz21,KaeferImMuseum,kaeferimmuseum,atmosphere,OSCBefehllisteOhneAvatare.txt,KI_RZ21.KaeferImMuseum,KaeferImMuseum,,KaeferImMuseum.mp4
KI_RZ21.KonzeptionUnterTieren,rz21,KonzeptionUnterTieren,konzeptionuntertieren,atmosphere,OSCBefehllisteOhneAvatare.txt,KI_RZ21.KonzeptionUnterTieren,KonzeptionUnterTieren,,KonzeptionUnterTieren.mp4
KI_RZ21.KuscheltierSchlachtung,rz21,KuscheltierSchlachtung,kuscheltierschlachtung,atmosphere,OSCBefehllisteOhneAvatare.txt,KI_RZ21.KuscheltierSchlachtung,KuscheltierSchlachtung,,KuscheltierSchlachtung.mp4
KI_RZ21.LG2_Inge,rz21,LG2_Inge,lg2_inge,avatar,OSCBefehllisteAvatare.txt,KI_RZ21.LG2_Inge,LG2_Inge,,LG2_Inge.mp4
KI_RZ21.LG3_Seb,rz21,LG3_Seb,lg3_seb,avatar,OSCBefehllisteAvatare.txt,KI_RZ21.LG3_Seb,LG3_Seb,,LG3_Seb.mp4
KI_RZ21.LG4_Azaria,rz21,LG4_Azaria,lg4_azaria,avatar,OSCBefehllisteAvatare.txt,KI_RZ21.LG4_Azaria,LG4_Azaria,,LG4_Azaria.mp4
KI_RZ21.LG5_Henrike,rz21,LG5_Henrike,lg5_henrike,avatar,OSCBefehllisteAvatare.txt,KI_RZ21.LG5_Henrike,LG5_Henrike,,LG5_Henrike.mp4
KI_RZ21.LG6_Hai,rz21,LG6_Hai,lg6_hai,avatar,OSCBefehllisteAvatare.txt,KI_RZ21.LG6_Hai,LG6_Hai,,LG6_Hai.mp4
KI_RZ21.MO1_Seb_Musik,rz21,MO1_SebMusik,mo1_sebmusik,avatar,OSCBefehllisteAvatare.txt,KI_RZ21.MO1_SebMusik,MO1_SebMusik,,MO1_SebMusik.mp4
KI_RZ21.MO2_Branko,rz21,MO2_Branko,mo2_branko,avatar,OSCBefehllisteAvatare.txt,KI_RZ21.MO2_Branko,MO2_Branko,,MO2_Branko.mp4
KI_RZ21.MO3_Dachs_Caro,rz21,MO3_Caro,mo3_caro,avatar,OSCBefehllisteAvatare.txt,KI_RZ21.MO3_Caro,MO3_Caro,,MO3_Caro.mp4
KI_RZ21.MO3_Dachs,rz21,MO3_Dachs,mo3_dachs,avatar,OSCBefehllisteAvatare.txt,KI_RZ21.MO3_Dachs,MO3_Dachs,,MO3_Dachs.mp4
KI_RZ21.Macbook,rz21,Macbook,macbook,database,OSCBefehlliste.txt,KI_RZ21.Macbook,Macbook,,Macbook.mp4
KI_RZ21.MehlwuermerLangsam,rz21,MehlwuermerLangsam,mehlwuermerlangsam,atmosphere,OSCBefehllisteOhneAvatare.txt,KI_RZ21.MehlwuermerLangsam,MehlwuermerLangsam,,MehlwuermerLangsam.mp4
KI_RZ21.Mehlwurm,rz21,Mehlwurm,mehlwurm,database,OSCBefehlliste.txt,KI_RZ21.Mehlwurm,Mehlwurm,,Mehlwurm.mp4
KI_RZ21.Musiker,rz21,Musiker,musiker,database,OSCBefehlliste.txt,KI_RZ21.Musiker,Musiker,,Musiker.mp4
KI_RZ21.Nicolas,rz21,Nicolas,nicolas,database,OSCBefehlliste.txt,KI_RZ21.Nicolas,Nicolas,,Nicolas.mp4
KI_RZ21.Odyssee,rz21,Odyssee,odyssee,database,OSCBefehlliste.txt,KI_RZ21.Odyssee,Odyssee,,Odyssee.mp4
KI_RZ21.PETO_Baer_Thomas,rz21,PET0_Baer_Thomas,pet0_baer_thomas,avatar,OSCBefehllisteAvatare.txt,KI_RZ21.PET0_Baer_Thomas,PET0_Baer_Thomas,,PET0_Baer_Thomas.mp4
KI_RZ21.PET1_Azaria,rz21,PET1_Azaria,pet1_azaria,avatar,OSCBefehllisteAvatare.txt,KI_RZ21.PET1_Azaria,PET1_Azaria,,PET1_Azaria.mp4
KI_RZ21.PET1_Thomas,rz21,PET1_Thomas,pet1_thomas,avatar,OSCBefehllisteAvatare.txt,KI_RZ21.PET1_Thomas,PET1_Thomas,,PET1_Thomas.mp4
KI_RZ21.PET2_Inge,rz21,PET2_Inge,pet2_inge,avatar,OSCBefehllisteAvatare.txt,KI_RZ21.PET2_Inge,PET2_Inge,,PET2_Inge.mp4
KI_RZ21.PET3_Caroline,rz21,PET3_Caroline,pet3_caroline,avatar,OSCBefehllisteAvatare.txt,KI_RZ21.PET3_Caroline,PET3_Caroline,,PET3_Caroline.mp4
KI_RZ21.PET3_Koala,rz21,PET3_Koala,pet3_koala,avatar,OSCBefehllisteAvatare.txt,KI_RZ21.PET3_Koala,PET3_Koala,,PET3_Koala.mp4
KI_RZ21.PET4_Sebastian,rz21,PET4_Sebastian,pet4_sebastian,avatar,OSCBefehllisteAvatare.txt,KI_RZ21.PET4_Sebastian,PET4_Sebastian,,PET4_Sebastian.mp4
KI_RZ21.PET5_Azaria,rz21,PET5_Azaria,pet5_azaria,avatar,OSCBefehllisteAvatare.txt,KI_RZ21.PET5_Azaria,PET5_Azaria,,PET5_Azaria.mp4
KI_RZ21.Random,rz21,Random,random,database,OSCBefehlliste.txt,KI_RZ21.Random,Random,,Random.mp4
KI_RZ21.SCH1_Sebastian,rz21,SCH1_Sebastian,sch1_sebastian,avatar,OSCBefehllisteAvatare.txt,KI_RZ21.SCH1_Sebastian,SCH1_Sebastian,,SCH1_Sebastian.mp4
KI_RZ21.SCH2_Azaria,rz21,SCH2_Azaria,sch2_azaria,avatar,OSCBefehllisteAvatare.txt,KI_RZ21.SCH2_Azaria,SCH2_Azaria,,SCH2_Azaria.mp4
KI_RZ21.SCH2_AzariaAlsSchaf,rz21,SCH2_Azaria_als_Schaf,sch2_azaria_als_schaf,avatar,OSCBefehllisteAvatare.txt,KI_RZ21.SCH2_Azaria_als_Schaf,SCH2_Azaria_als_Schaf,,SCH2_Azaria_als_Schaf.mp4
KI_RZ21.SCH2_AzariaWirdSchaf,rz21,SCH2_AzariawirdSchaf,sch2_azariawirdschaf,avatar,OSCBefehllisteAvatare.txt,KI_RZ21.SCH2_AzariawirdSchaf,SCH2_AzariawirdSchaf,,SCH2_AzariawirdSchaf.mp4
KI_RZ21.SCH3_IngeWirdSchaf,rz21,SCH3_IngewirdSchaf,sch3_ingewirdschaf,avatar,OSCBefehllisteAvatare.txt,KI_RZ21.SCH3_IngewirdSchaf,SCH3_IngewirdSchaf,,SCH3_IngewirdSchaf.mp4
KI_RZ21.SCH4_Thomas,rz21,SCH4_Thomas,sch4_thomas,avatar,OSCBefehllisteAvatare.txt,KI_RZ21.SCH4_Thomas,SCH4_Thomas,,SCH4_Thomas.mp4
KI_RZ21.SCH5_SchafSoloMavie,rz21,SCH5_SchafSolo_Mavie,sch5_schafsolo_mavie,avatar,OSCBefehllisteAvatare.txt,KI_RZ21.SCH5_SchafSolo_Mavie,SCH5_SchafSolo_Mavie,,SCH5_SchafSolo_Mavie.mp4
KI_RZ21.SCH6_Schafherde,rz21,SCH6_Schafherde,sch6_schafherde,avatar,OSCBefehllisteAvatare.txt,KI_RZ21.SCH6_Schafherde,SCH6_Schafherde,,SCH6_Schafherde.mp4
KI_RZ21.SCH7_SchafSingleSebastian,rz21,SCH7_Schaf_Single_Sebastian,sch7_schaf_single_sebastian,avatar,OSCBefehllisteAvatare.txt,KI_RZ21.SCH7_Schaf_Single_Sebastian,SCH7_Schaf_Single_Sebastian,,SCH7_Schaf_Single_Sebastian.mp4
KI_RZ21.SCH8_VieleSchafeCaro,rz21,SCH8_Viele_Schafe_Caro,sch8_viele_schafe_caro,avatar,OSCBefehllisteAvatare.txt,KI_RZ21.SCH8_Viele_Schafe_Caro,SCH8_Viele_Schafe_Caro,,SCH8_Viele_Schafe_Caro.mp4
KI_RZ21.Sebastian,rz21,Sebastian,sebastian,database,OSCBefehlliste.txt,KI_RZ21.Sebastian,Sebastian,,Sebastian.mp4
KI_RZ21.SebastianBlurry,rz21,SebastianBlurry,sebastianblurry,atmosphere,OSCBefehllisteOhneAvatare.txt,KI_RZ21.SebastianBlurry,SebastianBlurry,,SebastianBlurry.mp4
KI_RZ21.SturmFischskellet,rz21,SturmFischskellet,sturmfischskellet,atmosphere,OSCBefehllisteOhneAvatare.txt,KI_RZ21.SturmFischskellet,SturmFischskellet,,SturmFischskellet.mp4
KI_RZ21.Thiemo,rz21,Thiemo,thiemo,database,OSCBefehlliste.txt,KI_RZ21.Thiemo,Thiemo,,Thiemo.mp4
KI_RZ21.Thomas,rz21,Thomas,thomas,database,OSCBefehlliste.txt,KI_RZ21.Thomas,Thomas,,Thomas.mp4
KI_RZ21.WO1_Kaenguru,rz21,WO1_Kaenguru,wo1_kaenguru,avatar,OSCBefehllisteAvatare.txt,KI_RZ21.WO1_Kaenguru,WO1_Kaenguru,,WO1_Kaenguru.mp4
KI_RZ21.WO2_Branko,rz21,WO2_Branko,wo2_branko,avatar,OSCBefehllisteAvatare.txt,KI_RZ21.WO2_Branko,WO2_Branko,,WO2_Branko.mp4
KI_RZ21.WO3_Seb_Musik,rz21,WO3_Seb_Musik,wo3_seb_musik,avatar,OSCBefehllisteAvatare.txt,KI_RZ21.WO3_Seb_Musik,WO3_Seb_Musik,,WO3_Seb_Musik.mp4
KI_RZ21.WO4_Nicolas,rz21,WO4_Nicolas,wo4_nicolas,avatar,OSCBefehllisteAvatare.txt,KI_RZ21.WO4_Nicolas,WO4_Nicolas,,WO4_Nicolas.mp4
KI_RZ21.WO4_Schimpanse,rz21,WO4_Schimpanse,wo4_schimpanse,avatar,OSCBefehllisteAvatare.txt,KI_RZ21.WO4_Schimpanse,WO4_Schimpanse,,WO4_Schimpanse.mp4
KI_RZ21.WO5_Thiemo,rz21,WO5_Thiemo,wo5_thiemo,avatar,OSCBefehllisteAvatare.txt,KI_RZ21.WO5_Thiemo,WO5_Thiemo,,WO5_Thiemo.mp4
KI_RZ21.WO6_Mavie,rz21,WO6_Mavie,wo6_mavie,avatar,OSCBefehllisteAvatare.txt,KI_RZ21.WO6_Mavie,WO6_Mavie,,WO6_Mavie.mp4
KI_RZ21.WO6_Schimpanse,rz21,WO6_Schimpanse,wo6_schimpanse,avatar,OSCBefehllisteAvatare.txt,KI_RZ21.WO6_Schimpanse,WO6_Schimpanse,,WO6_Schimpanse.mp4
KI_RZ21.WO7_Sebastian,rz21,WO7_Sebastian,wo7_sebastian,avatar,OSCBefehllisteAvatare.txt,KI_RZ21.WO7_Sebastian,WO7_Sebastian,,WO7_Sebastian.mp4
KI_RZ21.Wasserfahrt,rz21,Wasserfahrt,wasserfahrt,atmosphere,OSCBefehllisteOhneAvatare.txt,KI_RZ21.Wasserfahrt,Wasserfahrt,,Wasserfahrt.mp4
